{"cameraMode":{"drawMode":0,"name":"Shaded","section":"Shading Mode"},"sceneLighting":true,"audioPlay":false,"sceneViewState":{"showFog":true,"showMaterialUpdate":true,"showSkybox":true,"showFlares":true,"showImageEffects":true,"showParticleSystems":true},"in2DMode":false,"pivot":{"x":24.04114532470703,"y":10.2543363571167,"z":-48.74806594848633},"rotation":{"x":0.2326245903968811,"y":0.6472350358963013,"z":-0.2173614352941513,"w":0.692667543888092},"size":8.148329734802246,"orthographic":false}