{"cameraMode":{"drawMode":0,"name":"Shaded","section":"Shading Mode"},"sceneLighting":false,"audioPlay":false,"sceneViewState":{"showFog":true,"showMaterialUpdate":true,"showSkybox":false,"showFlares":true,"showImageEffects":true,"showParticleSystems":true},"in2DMode":false,"pivot":{"x":21.169998168945314,"y":12.965566635131836,"z":-48.99236297607422},"rotation":{"x":0.6598931550979614,"y":-0.027852170169353486,"z":0.024636324495077134,"w":0.7505704760551453},"size":7.542655944824219,"orthographic":false}