{"cameraMode":{"drawMode":0,"name":"Shaded","section":"Shading Mode"},"sceneLighting":true,"audioPlay":false,"sceneViewState":{"showFog":true,"showMaterialUpdate":true,"showSkybox":true,"showFlares":true,"showImageEffects":true,"showParticleSystems":true},"in2DMode":false,"pivot":{"x":19.762195587158204,"y":10.1046724319458,"z":-47.69364547729492},"rotation":{"x":0.4351961314678192,"y":0.39920493960380556,"z":-0.22409293055534364,"w":0.7753003835678101},"size":5.387968063354492,"orthographic":false}