{"cameraMode":{"drawMode":0,"name":"Shaded","section":"Shading Mode"},"sceneLighting":false,"audioPlay":false,"sceneViewState":{"showFog":true,"showMaterialUpdate":true,"showSkybox":false,"showFlares":true,"showImageEffects":true,"showParticleSystems":true},"in2DMode":false,"pivot":{"x":13.635198593139649,"y":13.880121231079102,"z":-39.397830963134769},"rotation":{"x":0.6028521060943604,"y":-0.08382121473550797,"z":0.06390932947397232,"w":0.7908828258514404},"size":4.5544657707214359,"orthographic":false}