{"cameraMode":{"drawMode":0,"name":"Shaded","section":"Shading Mode"},"sceneLighting":true,"audioPlay":false,"sceneViewState":{"showFog":true,"showMaterialUpdate":true,"showSkybox":true,"showFlares":true,"showImageEffects":true,"showParticleSystems":true},"in2DMode":false,"pivot":{"x":11.89434814453125,"y":14.020384788513184,"z":-39.57759475708008},"rotation":{"x":0.5317770838737488,"y":-0.037315644323825839,"z":0.023477056995034219,"w":0.8457578420639038},"size":4.148839950561523,"orthographic":false}