{"cameraMode":{"drawMode":0,"name":"Shaded","section":"Shading Mode"},"sceneLighting":true,"audioPlay":false,"sceneViewState":{"showFog":true,"showMaterialUpdate":true,"showSkybox":true,"showFlares":true,"showImageEffects":true,"showParticleSystems":true},"in2DMode":false,"pivot":{"x":19.360559463500978,"y":12.468745231628418,"z":-48.998538970947269},"rotation":{"x":0.22866198420524598,"y":0.010527100414037705,"z":-0.002451262902468443,"w":0.9735102653503418},"size":4.879785537719727,"orthographic":false}