{"cameraMode":{"drawMode":0,"name":"Shaded","section":"Shading Mode"},"sceneLighting":true,"audioPlay":false,"sceneViewState":{"showFog":true,"showMaterialUpdate":true,"showSkybox":true,"showFlares":true,"showImageEffects":true,"showParticleSystems":true},"in2DMode":false,"pivot":{"x":331.3868408203125,"y":901.556884765625,"z":-61.78443145751953},"rotation":{"x":0.1975516974925995,"y":-0.019113974645733835,"z":0.0038531494792550804,"w":0.9800999760627747},"size":661.1148681640625,"orthographic":false}