{"cameraMode":{"drawMode":0,"name":"Shaded","section":"Shading Mode"},"sceneLighting":true,"audioPlay":false,"sceneViewState":{"showFog":true,"showMaterialUpdate":true,"showSkybox":true,"showFlares":true,"showImageEffects":true,"showParticleSystems":true},"in2DMode":false,"pivot":{"x":20.058673858642579,"y":14.593755722045899,"z":-46.926883697509769},"rotation":{"x":0.2978547215461731,"y":0.6153465509414673,"z":-0.27003148198127749,"w":0.6781572699546814},"size":8.373941421508789,"orthographic":false}