{"cameraMode":{"drawMode":0,"name":"Shaded","section":"Shading Mode"},"sceneLighting":true,"audioPlay":false,"sceneViewState":{"showFog":true,"showMaterialUpdate":true,"showSkybox":true,"showFlares":true,"showImageEffects":true,"showParticleSystems":true},"in2DMode":false,"pivot":{"x":31.454944610595704,"y":4.425154209136963,"z":-44.919769287109378},"rotation":{"x":0.607410192489624,"y":-0.05043831840157509,"z":0.03867960348725319,"w":0.7919194102287293},"size":23.846271514892579,"orthographic":false}