{"cameraMode":{"drawMode":0,"name":"Shaded","section":"Shading Mode"},"sceneLighting":true,"audioPlay":false,"sceneViewState":{"showFog":true,"showMaterialUpdate":true,"showSkybox":true,"showFlares":true,"showImageEffects":true,"showParticleSystems":true},"in2DMode":false,"pivot":{"x":14.10643482208252,"y":13.362762451171875,"z":-42.69779586791992},"rotation":{"x":0.12150900065898895,"y":-0.0000046876943997631319,"z":7.430371624650434e-7,"w":0.9925913214683533},"size":0.8417097926139832,"orthographic":false}