{"cameraMode":{"drawMode":0,"name":"Shaded","section":"Shading Mode"},"sceneLighting":true,"audioPlay":false,"sceneViewState":{"showFog":true,"showMaterialUpdate":true,"showSkybox":true,"showFlares":true,"showImageEffects":true,"showParticleSystems":true},"in2DMode":false,"pivot":{"x":23.9625186920166,"y":13.883710861206055,"z":-49.03289794921875},"rotation":{"x":0.4824845492839813,"y":-0.4239994287490845,"z":0.2881094813346863,"w":0.7103360891342163},"size":4.557618618011475,"orthographic":false}