{"cameraMode":{"drawMode":0,"name":"Shaded","section":"Shading Mode"},"sceneLighting":true,"audioPlay":false,"sceneViewState":{"showFog":true,"showMaterialUpdate":true,"showSkybox":true,"showFlares":true,"showImageEffects":true,"showParticleSystems":true},"in2DMode":false,"pivot":{"x":19.446216583251954,"y":11.986364364624024,"z":-37.281761169433597},"rotation":{"x":0.4096008837223053,"y":0.06913494318723679,"z":-0.03115317039191723,"w":0.9091439247131348},"size":9.488231658935547,"orthographic":false}