{"cameraMode":{"drawMode":0,"name":"Shaded","section":"Shading Mode"},"sceneLighting":true,"audioPlay":false,"sceneViewState":{"showFog":true,"showMaterialUpdate":true,"showSkybox":true,"showFlares":true,"showImageEffects":true,"showParticleSystems":true},"in2DMode":false,"pivot":{"x":28.552860260009767,"y":3.92370343208313,"z":-40.46580505371094},"rotation":{"x":0.41185814142227175,"y":0.005467431154102087,"z":-0.0024711801670491697,"w":0.9112288951873779},"size":64.65419006347656,"orthographic":false}