{"cameraMode":{"drawMode":0,"name":"Shaded","section":"Shading Mode"},"sceneLighting":true,"audioPlay":false,"sceneViewState":{"showFog":true,"showMaterialUpdate":true,"showSkybox":true,"showFlares":true,"showImageEffects":true,"showParticleSystems":true},"in2DMode":false,"pivot":{"x":12.583257675170899,"y":13.813554763793946,"z":-39.84809112548828},"rotation":{"x":0.46464022994041445,"y":0.015412352979183197,"z":-0.008074462413787842,"w":0.8853495121002197},"size":5.169745922088623,"orthographic":false}