{"cameraMode":{"drawMode":0,"name":"Shaded","section":"Shading Mode"},"sceneLighting":true,"audioPlay":false,"sceneViewState":{"showFog":true,"showMaterialUpdate":true,"showSkybox":true,"showFlares":true,"showImageEffects":true,"showParticleSystems":true},"in2DMode":false,"pivot":{"x":19.332210540771486,"y":12.45530891418457,"z":-51.05125427246094},"rotation":{"x":0.24323490262031556,"y":0.5421714186668396,"z":-0.16738039255142213,"w":0.7867985367774963},"size":6.546898365020752,"orthographic":false}