{"cameraMode":{"drawMode":0,"name":"Shaded","section":"Shading Mode"},"sceneLighting":true,"audioPlay":false,"sceneViewState":{"showFog":true,"showMaterialUpdate":true,"showSkybox":true,"showFlares":true,"showImageEffects":true,"showParticleSystems":true},"in2DMode":false,"pivot":{"x":31.379240036010743,"y":9.047813415527344,"z":-47.9561882019043},"rotation":{"x":0.7196429967880249,"y":-0.048161767423152927,"z":0.05016801133751869,"w":0.6908648014068604},"size":17.498531341552736,"orthographic":false}