{"cameraMode":{"drawMode":0,"name":"Shaded","section":"Shading Mode"},"sceneLighting":true,"audioPlay":false,"sceneViewState":{"showFog":true,"showMaterialUpdate":true,"showSkybox":true,"showFlares":true,"showImageEffects":true,"showParticleSystems":true},"in2DMode":false,"pivot":{"x":22.229589462280275,"y":13.5003662109375,"z":-49.484153747558597},"rotation":{"x":0.6987720131874085,"y":-0.009420591406524182,"z":0.009235111996531487,"w":0.7153124213218689},"size":9.295726776123047,"orthographic":false}